country,iso3,petrol_usd_l,elec_usd_kwh,grid_gco2_kwh,oil_import_pct,vehicles_millions,primary_segment,target_share,target_year,target_note,archetype
Norway,NOR,1.9,0.15,30,0,3.2,Cars,100.0,2025.0,100% zero-emission new cars (national goal),Oil exporter / EV leader
China,CHN,1.1,0.09,550,72,340.0,Cars + 2/3-wheelers,,,NEV market share goals; already exceeding earlier targets,Manufacturing & refining superpower
Germany,DEU,1.9,0.35,350,98,49.0,Cars,100.0,2035.0,EU 100% CO2-free new cars 2035 (under review; verify),Import-dependent mature market
United Kingdom,GBR,1.9,0.33,200,60,36.0,Cars,100.0,2035.0,"ZEV mandate: 28% of new cars 2025, 33% 2026, 38% 2027, rising to 100% by 2035 (verify current status)",Import-dependent mature market
United States,USA,0.95,0.17,370,0,280.0,Cars + light trucks,,,No binding federal target; state programs vary,Oil producer / large market
Canada,CAN,1.3,0.11,120,0,26.0,Cars + light trucks,100.0,2035.0,ZEV mandate 100% by 2035; interim targets under federal review (verify),Mineral producer / mature market
India,IND,1.2,0.09,700,87,300.0,2/3-wheelers,30.0,2030.0,30% EV sales by 2030 (aspirational),High-growth 2/3W market
Pakistan,PAK,1.0,0.15,400,85,30.0,2/3-wheelers,30.0,2030.0,"NEV Policy: 30% of new sales by 2030, 60% by 2040",High-growth 2/3W market
Indonesia,IDN,0.8,0.1,680,45,150.0,2/3-wheelers,,,EV roadmap incl. e-2W and local nickel-to-battery chain,Mineral producer / 2W market
Brazil,BRA,1.2,0.15,100,10,65.0,Cars,,,Biofuel-rich market; EV incentives evolving,Emerging biofuel-rich market
Chile,CHL,1.4,0.17,300,95,5.5,Cars + buses,100.0,2035.0,100% light-duty EV sales by 2035; large e-bus fleet,Mineral producer / import-dependent
Vietnam,VNM,1.0,0.08,500,60,75.0,2/3-wheelers,,,Domestic EV maker driving rapid growth,Emerging manufacturer / 2W market
South Africa,ZAF,1.2,0.11,750,70,12.0,Cars,,,EV policy framework in development,Emerging import-dependent
Australia,AUS,1.1,0.25,500,90,21.0,Cars,,,Vehicle emissions standard (NVES) in force,Mineral producer / mature market
Japan,JPN,1.1,0.25,450,99,78.0,Cars,100.0,2035.0,100% electrified (incl. hybrids) new cars by 2035,Import-dependent mature market
Ethiopia,ETH,0.8,0.03,25,100,1.5,Cars,100.0,2024.0,Ban on ICE car imports (2024),Hydro-powered ICE-ban pioneer
