country,iso3,year,ev_share
Norway,NOR,2019,42.0
Norway,NOR,2020,75.0
Norway,NOR,2021,86.0
Norway,NOR,2022,86.0
Norway,NOR,2023,82.0
Norway,NOR,2024,89.0
China,CHN,2019,5.0
China,CHN,2020,6.0
China,CHN,2021,16.0
China,CHN,2022,22.0
China,CHN,2023,29.0
China,CHN,2024,35.0
Germany,DEU,2019,3.0
Germany,DEU,2020,14.0
Germany,DEU,2021,26.0
Germany,DEU,2022,31.0
Germany,DEU,2023,24.0
Germany,DEU,2024,20.0
United Kingdom,GBR,2019,1.6
United Kingdom,GBR,2020,10.7
United Kingdom,GBR,2021,11.6
United Kingdom,GBR,2022,16.6
United Kingdom,GBR,2023,16.5
United Kingdom,GBR,2024,19.6
United States,USA,2019,2.0
United States,USA,2020,2.0
United States,USA,2021,4.0
United States,USA,2022,6.0
United States,USA,2023,9.0
United States,USA,2024,10.0
Canada,CAN,2019,3.0
Canada,CAN,2020,4.0
Canada,CAN,2021,5.0
Canada,CAN,2022,7.0
Canada,CAN,2023,9.0
Canada,CAN,2024,12.0
India,IND,2019,0.3
India,IND,2020,0.4
India,IND,2021,0.6
India,IND,2022,1.3
India,IND,2023,2.0
India,IND,2024,2.5
Pakistan,PAK,2019,0.1
Pakistan,PAK,2020,0.1
Pakistan,PAK,2021,0.1
Pakistan,PAK,2022,0.3
Pakistan,PAK,2023,0.5
Pakistan,PAK,2024,0.8
Indonesia,IDN,2019,0.1
Indonesia,IDN,2020,0.2
Indonesia,IDN,2021,0.5
Indonesia,IDN,2022,1.0
Indonesia,IDN,2023,1.7
Indonesia,IDN,2024,2.5
Brazil,BRA,2019,0.3
Brazil,BRA,2020,0.4
Brazil,BRA,2021,0.6
Brazil,BRA,2022,1.2
Brazil,BRA,2023,2.5
Brazil,BRA,2024,4.0
Chile,CHL,2019,0.1
Chile,CHL,2020,0.2
Chile,CHL,2021,0.4
Chile,CHL,2022,0.8
Chile,CHL,2023,1.5
Chile,CHL,2024,2.5
Vietnam,VNM,2019,0.1
Vietnam,VNM,2020,0.1
Vietnam,VNM,2021,0.3
Vietnam,VNM,2022,1.0
Vietnam,VNM,2023,4.0
Vietnam,VNM,2024,12.0
South Africa,ZAF,2019,0.1
South Africa,ZAF,2020,0.1
South Africa,ZAF,2021,0.2
South Africa,ZAF,2022,0.3
South Africa,ZAF,2023,0.4
South Africa,ZAF,2024,0.6
Australia,AUS,2019,0.7
Australia,AUS,2020,1.0
Australia,AUS,2021,2.0
Australia,AUS,2022,4.0
Australia,AUS,2023,9.0
Australia,AUS,2024,10.0
Japan,JPN,2019,0.5
Japan,JPN,2020,0.9
Japan,JPN,2021,1.0
Japan,JPN,2022,1.7
Japan,JPN,2023,2.2
Japan,JPN,2024,2.5
Ethiopia,ETH,2019,0.0
Ethiopia,ETH,2020,0.0
Ethiopia,ETH,2021,0.1
Ethiopia,ETH,2022,0.3
Ethiopia,ETH,2023,1.0
Ethiopia,ETH,2024,2.0
